company_name,brand,priority_tier,ats (fill: workday/taleo/icims/...),tenant,dc,site
Abilene Christian University,Abilene Christian University,hot,,,,
Abraham Baldwin Agricultural College,Abraham Baldwin Agricultural College,hot,,,,
Administrators of the Tulane Educational Fund,Administrators of the Tulane Educational Fund,hot,,,,
Adventist Health Systemsunbelt INC,Adventist Health Systemsunbelt,hot,,,,
Albany Medical College,Albany Medical College,hot,,,,
Albert Einstein College of Medicine,Albert Einstein College of Medicine,hot,,,,
Allen Institute for Artificial Intelligence,Allen Institute for Artificial Intelligence,hot,,,,
Alliance for Sustainable Energy LLC,Alliance for Sustainable Energy,hot,,,,
American University,American University,hot,,,,
Appalachian State University,Appalachian State University,hot,,,,
Arizona Kidney Disease & Hypertension Center LLC,Arizona Kidney Disease & Hypertension Center,hot,,,,
Arizona State University,Arizona State University,hot,,,,
Arkansas State University,Arkansas State University,hot,,,,
Ati Holdings LLC,Ati,hot,,,,
Auburn University,Auburn University,hot,,,,
Avera Marshall,Avera Marshall,hot,,,,
Azenta INC,Azenta,hot,,,,
Banner University Medical Group,Banner University Medical,hot,,,,
Baptist Health Medical Group INC,Baptist Health Medical,hot,,,,
Baptist Healthcare Systems INC,Baptist Healthcare Systems,hot,,,,
Baruch College,Baruch College,hot,,,,
Bay Area Environmental Research Institute,Bay Area Environmental Research Institute,hot,,,,
Baylor College of Medicine,Baylor College of Medicine,hot,,,,
Baylor Research Institute,Baylor Research Institute,hot,,,,
Baylor University,Baylor University,hot,,,,
Bayshore Therapies LLC,Bayshore Therapies,hot,,,,
Beckman Research Institute of the City of Hope,Beckman Research Institute of the City of Hope,hot,,,,
Bentley University,Bentley University,hot,,,,
Berkshire Medical Center,Berkshire Medical Center,hot,,,,
Beth Israel Deaconess Medical Center INC,Beth Israel Deaconess Medical Center,hot,,,,
Biocytics INC,Biocytics,hot,,,,
Board of Regents of the University of Nebraska,Board of Regents of the University of Nebraska,hot,,,,
Boise State University,Boise State University,hot,,,,
Boston College,Boston College,hot,,,,
Brigham and Womens Hospital,Brigham and Womens Hospital,hot,,,,
Brigham and Womens Physicians Organization,Brigham and Womens Physicians Organization,hot,,,,
Brookhaven National Laboratory,Brookhaven National Laboratory,hot,,,,
Brown University,Brown University,hot,,,,
California State University Bakersfield,California State University Bakersfield,hot,,,,
California State University East Bay,California State University East Bay,hot,,,,
Cambridge Public Health Commission,Cambridge Public Health Commission,hot,,,,
Cameron University,Cameron University,hot,,,,
Carnegie Mellon University,Carnegie Mellon University,hot,,,,
Carroll Hospital Center INC,Carroll Hospital Center,hot,,,,
Case Western Reserve University,Case Western Reserve University,hot,,,,
Cayuga Medical Associates PC,Cayuga Medical Associates,hot,,,,
Cedars Sinai Medical Center,Cedars Sinai Medical Center,hot,,,,
Center for Global Development,Center for Global Development,hot,,,,
Center for Strategic and International Studies,Center for Strategic and International Studies,hot,,,,
Central Connecticut State University,Central Connecticut State University,hot,,,,
Chapman University,Chapman University,hot,,,,
Childrens National Medical Center,Childrens National Medical Center,hot,,,,
City of Hope Medical Group INC,City of Hope Medical,hot,,,,
Claremont Mckenna College,Claremont Mckenna College,hot,,,,
Clarkson University,Clarkson University,hot,,,,
Clemson University,Clemson University,hot,,,,
Cleveland Clinic,Cleveland Clinic,hot,,,,
Cleveland State University,Cleveland State University,hot,,,,
Coherence Neuro Global INC,Coherence Neuro Global,hot,,,,
College of Menominee Nation,College of Menominee Nation,hot,,,,
College of Staten Island of the City University of New York,College of Staten Island of the City University of New York,hot,,,,
Colorado School of Mines,Colorado School of Mines,hot,,,,
Colorado State University,Colorado State University,hot,,,,
Colorado State University Pueblo,Colorado State University Pueblo,hot,,,,
Columbia University,Columbia University,hot,,,,
Cornell University,Cornell University,hot,,,,
Creighton University,Creighton University,hot,,,,
Crouse Health Hospitals INC,Crouse Health Hospitals,hot,,,,
Culver Stockton College,Culver Stockton College,hot,,,,
Dallas Baptist University,Dallas Baptist University,hot,,,,
Dana Farber Cancer Institute,Dana Farber Cancer Institute,hot,,,,
Dayton Osteopathic Hospital,Dayton Osteopathic Hospital,hot,,,,
Delaware State University,Delaware State University,hot,,,,
Denison University,Denison University,hot,,,,
Depaul University,Depaul University,hot,,,,
Dlp Central Carolina Medical Group LLC,Dlp Central Carolina Medical,hot,,,,
Dr Jamie A Lipeles A Professional Medical Corporation,Dr Jamie A Lipeles A Professional Medical,hot,,,,
Drs Ellis Rojas Ross & Debs INC,Drs Ellis Rojas Ross & Debs,hot,,,,
Dubois Regional Medical Center,Dubois Regional Medical Center,hot,,,,
Duke University,Duke University,hot,,,,
East Texas A&M University,East Texas A&M University,hot,,,,
Eastern New Mexico University,Eastern New Mexico University,hot,,,,
Embry Riddle Aeronautical University,Embry Riddle Aeronautical University,hot,,,,
Emory University,Emory University,hot,,,,
Emporia State University,Emporia State University,hot,,,,
Englewood Hospital and Medical Center,Englewood Hospital and Medical Center,hot,,,,
Fayetteville State University,Fayetteville State University,hot,,,,
Fillmore County Hospital,Fillmore County Hospital,hot,,,,
Fisher College,Fisher College,hot,,,,
Florida Atlantic University,Florida Atlantic University,hot,,,,
Florida Gulf Coast University,Florida Gulf Coast University,hot,,,,
Florida Hospital Medical Group INC,Florida Hospital Medical,hot,,,,
Florida International University,Florida International University,hot,,,,
Florida Polytechnic University,Florida Polytechnic University,hot,,,,
Fort Hays State University,Fort Hays State University,hot,,,,
Fort Lewis College,Fort Lewis College,hot,,,,
Gandara Mental Health Center INC,Gandara Mental Health Center,hot,,,,
Gannon University,Gannon University,hot,,,,
Garnet Health Doctors PC,Garnet Health Doctors,hot,,,,
George Mason University,George Mason University,hot,,,,
Georgetown University,Georgetown University,hot,,,,
Georgia State University,Georgia State University,hot,,,,
Global Energy Monitor,Global Energy Monitor,hot,,,,
Golden Valley Health Centers,Golden Valley Health Centers,hot,,,,
Governors State University,Governors State University,hot,,,,
Grace Health INC,Grace Health,hot,,,,
Guthrie Lourdes Hospital,Guthrie Lourdes Hospital,hot,,,,
Hampton University,Hampton University,hot,,,,
Harvard Pilgrim Health Care Institute LLC,Harvard Pilgrim Health Care Institute,hot,,,,
Hendrix College,Hendrix College,hot,,,,
Hm Dod LLC,Hm Dod,hot,,,,
Holy Name Medical Center INC,Holy Name Medical Center,hot,,,,
Hospitalist Medicine Physicians of Texas PLLC,Hospitalist Medicine Physicians of Texas PLLC,hot,,,,
Howard Hughes Medical Institute,Howard Hughes Medical Institute,hot,,,,
Hunter College of the City University of New York,Hunter College of the City University of New York,hot,,,,
Icahn School of Medicine at Mount Sinai,Icahn School of Medicine at Mount Sinai,hot,,,,
Indiana University,Indiana University,hot,,,,
Indiana University Health Care Associates INC,Indiana University Health Care Associates,hot,,,,
Indiana University Health INC,Indiana University Health,hot,,,,
Indiana University Indianapolis,Indiana University Indianapolis,hot,,,,
Institute for Musculoskeletal Advancement,Institute for Musculoskeletal Advancement,hot,,,,
Iroquois Nursing Home INC,Iroquois Nursing Home,hot,,,,
Ithaca College,Ithaca College,hot,,,,
Jackson Hospital and Clinic INC,Jackson Hospital and Clinic,hot,,,,
Jackson State University,Jackson State University,hot,,,,
Jacksonville State University,Jacksonville State University,hot,,,,
Jacobson Memorial Hospital Care Center,Jacobson Memorial Hospital Care Center,hot,,,,
James Madison University,James Madison University,hot,,,,
Johns Hopkins University,Johns Hopkins University,hot,,,,
Juniata College,Juniata College,hot,,,,
Kansas State University,Kansas State University,hot,,,,
Karthikeya Devireddy Md INC,Karthikeya Devireddy Md,hot,,,,
Keefe Memorial Health Service District,Keefe Memorial Health Service District,hot,,,,
Kennedy Krieger Institute,Kennedy Krieger Institute,hot,,,,
Kennesaw State University,Kennesaw State University,hot,,,,
Kentucky State University,Kentucky State University,hot,,,,
Kenyon College,Kenyon College,hot,,,,
Kutztown University of Pennsylvania,Kutztown University of Pennsylvania,hot,,,,
La Sierra University,La Sierra University,hot,,,,
Lasante Health Center INC,Lasante Health Center,hot,,,,
Lawrence Livermore National Security LLC,Lawrence Livermore National Security,hot,,,,
Lawrence Technological University,Lawrence Technological University,hot,,,,
Lehigh Valley Hospital INC,Lehigh Valley Hospital,hot,,,,
Lehigh Valley Physician Group,Lehigh Valley Physician,hot,,,,
Leidos Biomedical Research INC,Leidos Biomedical Research,hot,,,,
Long Island University,Long Island University,hot,,,,
Longview Philanthropy USA INC,Longview Philanthropy,hot,,,,
Louisiana Childrens Medical Center,Louisiana Childrens Medical Center,hot,,,,
Louisiana State University Health Sciences Center New Orleans,Louisiana State University Health Sciences Center New Orleans,hot,,,,
Louisiana State University and A&M College,Louisiana State University and A&M College,hot,,,,
Louisiana Tech University,Louisiana Tech University,hot,,,,
Lsu Agricultural Center,LSU Agricultural Center,hot,,,,
Lsu Health Sciences Center,LSU Health Sciences Center,hot,,,,
Manning Regional Healthcare Center,Manning Regional Healthcare Center,hot,,,,
Marquette University,Marquette University,hot,,,,
Mary Hitchcock Memorial Hospital,Mary Hitchcock Memorial Hospital,hot,,,,
Massachusetts Eye and Ear Infirmary,Massachusetts Eye and Ear Infirmary,hot,,,,
Max Planck Florida Corporation,Max Planck Florida,hot,,,,
Mayo Clinic,Mayo Clinic,hot,,,,
Medical College of Wisconsin INC,Medical College of Wisconsin,hot,,,,
Medical University of South Carolina and Affiliates,Medical University of South Carolina and Affiliates,hot,,,,
Meharry Medical College,Meharry Medical College,hot,,,,
Memorial Community Health INC,Memorial Community Health,hot,,,,
Merck Sharp & Dohme LLC,Merck Sharp & Dohme,hot,,,,
Mercy Clinic Fort Smith Communities,Mercy Clinic Fort Smith Communities,hot,,,,
Mercy Clinic Springfield Communities,Mercy Clinic Springfield Communities,hot,,,,
Mercy Medical Center INC,Mercy Medical Center,hot,,,,
Methodist Healthcare System of San Antonio LTD LLP,Methodist Healthcare System of San Antonio,hot,,,,
Metrohealth Medical Center,Metrohealth Medical Center,hot,,,,
Metropolitan State University,Metropolitan State University,hot,,,,
Miami University,Miami University,hot,,,,
Michael A Pisacano Md PC,Michael A Pisacano Md,hot,,,,
Michigan State University,Michigan State University,hot,,,,
Middle Tennessee State University,Middle Tennessee State University,hot,,,,
Midwestern State University,Midwestern State University,hot,,,,
Minnesota State University Mankato,Minnesota State University Mankato,hot,,,,
Mississippi State University,Mississippi State University,hot,,,,
Missouri State University,Missouri State University,hot,,,,
Montana State University,Montana State University,hot,,,,
Montclair State University,Montclair State University,hot,,,,
Montefiore Medical Center,Montefiore Medical Center,hot,,,,
Morgan State University,Morgan State University,hot,,,,
Mother Frances Regional Health Care Center,Mother Frances Regional Health Care Center,hot,,,,
Mount Holyoke College,Mount Holyoke College,hot,,,,
Mount Sinai Hospital,Mount Sinai Hospital,hot,,,,
Nationwide Childrens Hospital,Nationwide Childrens Hospital,hot,,,,
North Carolina State University,North Carolina State University,hot,,,,
North Dakota State University,North Dakota State University,hot,,,,
North Suffolk Community Services INC,North Suffolk Community Services,hot,,,,
Northeast Montana Health Services,Northeast Montana Health Services,hot,,,,
Northeast Ohio Medical University,Northeast Ohio Medical University,hot,,,,
Northeastern University,Northeastern University,hot,,,,
Northern Illinois University,Northern Illinois University,hot,,,,
Northern Kentucky University,Northern Kentucky University,hot,,,,
Northwestern University,Northwestern University,hot,,,,
Norwich University,Norwich University,hot,,,,
Nova Southeastern University,Nova Southeastern University,hot,,,,
Novartis Institutes for Biomedical Research INC,Novartis Institutes for Biomedical Research,hot,,,,
Nyu Grossman School of Medicine,NYU Grossman School of Medicine,hot,,,,
Ohiohealth CORP,Ohiohealth,hot,,,,
Old Dominion University,Old Dominion University,hot,,,,
Oregon Health & Science University,Oregon Health & Science University,hot,,,,
Oregon State University,Oregon State University,hot,,,,
Pace University,Pace University,hot,,,,
Paine College,Paine College,hot,,,,
Parkview Hospital INC,Parkview Hospital,hot,,,,
Pediatrix Medical Group of Florida INC,Pediatrix Medical of Florida,hot,,,,
Pella Regional Health Center,Pella Regional Health Center,hot,,,,
Phenome Health,Phenome Health,hot,,,,
Physician Affiliate Group of Ny PC,Physician Affiliate of Ny,hot,,,,
Physician Groups Lc,Physician Groups Lc,hot,,,,
Prisma Health Medical Group Midlands,Prisma Health Medical Midlands,hot,,,,
Promab Biotechnologies INC,Promab Biotechnologies,hot,,,,
Protestant Episcopal Theological Seminary in Virginia,Protestant Episcopal Theological Seminary in Virginia,hot,,,,
Puerto Rico Cardiology LLC,Puerto Rico Cardiology,hot,,,,
Purdue University,Purdue University,hot,,,,
Randolph College,Randolph College,hot,,,,
Regents of the University of California at Riverside,Regents of the University of California at Riverside,hot,,,,
Rensselaer Polytechnic Institute,Rensselaer Polytechnic Institute,hot,,,,
Research Corporation of the University of Hawaii,Research of the University of Hawaii,hot,,,,
Research Foundation for the State University of New York,Research Foundation for the State University of New York,hot,,,,
Research Foundation of Cuny,Research Foundation of CUNY,hot,,,,
Robert Packer Hospital,Robert Packer Hospital,hot,,,,
Rochester General Hospital,Rochester General Hospital,hot,,,,
Rockford Health Physicians,Rockford Health Physicians,hot,,,,
Rogers State University,Rogers State University,hot,,,,
Rosalino Counseling Services,Rosalino Counseling Services,hot,,,,
Rush Medical Group,Rush Medical,hot,,,,
Rush University Medical Center,Rush University Medical Center,hot,,,,
Rutgers the State University of New Jersey,Rutgers the State University of New Jersey,hot,,,,
Saginaw Cooperative Hospitals,Saginaw Cooperative Hospitals,hot,,,,
Saint Francis Medical Partners LLC,Saint Francis Medical Partners,hot,,,,
Saint Louis University,Saint Louis University,hot,,,,
Saint Vincent College,Saint Vincent College,hot,,,,
Saltzman Tanis Pittell Levin and Jacobson LLC,Saltzman Tanis Pittell Levin and Jacobson,hot,,,,
Saluja Medical Associates PA,Saluja Medical Associates PA,hot,,,,
Sam Houston State University,Sam Houston State University,hot,,,,
San Jose State University,San Jose State University,hot,,,,
Sanford,Sanford,hot,,,,
Sanford Burnham Prebys Medical Discovery Institute,Sanford Burnham Prebys Medical Discovery Institute,hot,,,,
Savannah College of Art and Design,Savannah College of Art and Design,hot,,,,
Seattle Childrens Hospital,Seattle Childrens Hospital,hot,,,,
Sentara Health,Sentara Health,hot,,,,
Sheridan Healthcorp INC,Sheridan Healthcorp,hot,,,,
Shoals Health Group LLC,Shoals Health,hot,,,,
Sidney Health Center,Sidney Health Center,hot,,,,
Solid Biosciences INC,Solid Biosciences,hot,,,,
South Broward Hospital District,South Broward Hospital District,hot,,,,
South Dakota State University,South Dakota State University,hot,,,,
South Texas Va Medical Center,South Texas Va Medical Center,hot,,,,
Southeastern Hospitalist Services PC,Southeastern Hospitalist Services,hot,,,,
Southeastern Louisiana University,Southeastern Louisiana University,hot,,,,
Southern Illinois University Carbondale,Southern Illinois University Carbondale,hot,,,,
Southern Methodist University,Southern Methodist University,hot,,,,
Southern Utah University,Southern Utah University,hot,,,,
Southwestern Oklahoma State University,Southwestern Oklahoma State University,hot,,,,
Spring Hill College,Spring Hill College,hot,,,,
Ssm Health Care Group,Ssm Health Care,hot,,,,
St Aloisius Hospital,St Aloisius Hospital,hot,,,,
St Bonaventure University,St Bonaventure University,hot,,,,
St John Fisher University,St John Fisher University,hot,,,,
St Josephs University Medical Center,St Josephs University Medical Center,hot,,,,
St Lukes Roosevelt Hospital Center,St Lukes Roosevelt Hospital Center,hot,,,,
St. Jude Children's Research Hospital,St Jude Children's Research Hospital,hot,,,,
"St. Jude Medical, Cardiology Division, Inc.",St Jude Medical Cardiology Division,hot,,,,
State University of New York Downstate Health Sciences University,State University of New York Downstate Health Sciences University,hot,,,,
State University of New York at Buffalo,State University of New York at Buffalo,hot,,,,
State University of New York at Stony Brook,State University of New York at Stony Brook,hot,,,,
Stowers Institute for Medical Research,Stowers Institute for Medical Research,hot,,,,
Tarleton State University,Tarleton State University,hot,,,,
Temple University A Commonwealth University,Temple University A Commonwealth University,hot,,,,
Tennessee Wesleyan University,Tennessee Wesleyan University,hot,,,,
Texas A&M Agrilife Research,Texas A&M Agrilife Research,hot,,,,
Texas A&M Engineering Experiment Station,Texas A&M Engineering Experiment Station,hot,,,,
Texas A&M University Central Texas,Texas A&M University Central Texas,hot,,,,
Texas A&M University Corpus Christi,Texas A&M University Corpus Christi,hot,,,,
Texas A&M University Kingsville,Texas A&M University Kingsville,hot,,,,
Texas State University,Texas State University,hot,,,,
Texas Tech University,Texas Tech University,hot,,,,
Texas Tech University Health Sciences Center,Texas Tech University Health Sciences Center,hot,,,,
The Ada Forsyth Institute,Ada Forsyth Institute,hot,,,,
The Broad Institute INC,Broad Institute,hot,,,,
The Brookdale Hospital Medical Center,Brookdale Hospital Medical Center,hot,,,,
The Brooklyn Hospital Center,Brooklyn Hospital Center,hot,,,,
The Childrens Hospital of Philadelphia,Childrens Hospital of Philadelphia,hot,,,,
The Curators of the University of Missouri,Curators of the University of Missouri,hot,,,,
The Curators of the University of Missouriuniversity of Missouri Kansas City,Curators of the University of Missouriuniversity of Missouri Kansas City,hot,,,,
The Feinstein Institutes for Medical Research,Feinstein Institutes for Medical Research,hot,,,,
The Florida State University,Florida State University,hot,,,,
The J David Gladstone Institutes,J David Gladstone Institutes,hot,,,,
The Jackson Laboratory,Jackson Laboratory,hot,,,,
The Methodist Hospital Research Institute,Methodist Hospital Research Institute,hot,,,,
The Pennsylvania State University,Pennsylvania State University,hot,,,,
The People Concern,People Concern,hot,,,,
The Research Foundation for Mental Hygiene INC,Research Foundation for Mental Hygiene,hot,,,,
The Research Institute at Nationwide Childrens Hospital,Research Institute at Nationwide Childrens Hospital,hot,,,,
The Salk Institute for Biological Studies,Salk Institute for Biological Studies,hot,,,,
The Scripps Research Institute,Scripps Research Institute,hot,,,,
The Trustees of Princeton University,Trustees of Princeton University,hot,,,,
The Unity Hospital of Rochester,Unity Hospital of Rochester,hot,,,,
The University of Alabama,University of Alabama,hot,,,,
The University of Alabama at Birmingham,University of Alabama at Birmingham,hot,,,,
The University of Alabama in Huntsville,University of Alabama in Huntsville,hot,,,,
The University of Arizona,University of Arizona,hot,,,,
The University of Iowa,University of Iowa,hot,,,,
The University of Kansas,University of Kansas,hot,,,,
The University of Kansas Medical Center,University of Kansas Medical Center,hot,,,,
The University of Southern California,University of Southern California,hot,,,,
The University of Tampa INC,University of Tampa,hot,,,,
The University of Tennessee,University of Tennessee,hot,,,,
The University of Tennessee Health Science Center,University of Tennessee Health Science Center,hot,,,,
The University of Texas El Paso,University of Texas El Paso,hot,,,,
The University of Texas Health Science Center at Tyler,University of Texas Health Science Center at Tyler,hot,,,,
The University of Texas Md Anderson Cancer Center,University of Texas Md Anderson Cancer Center,hot,,,,
The University of Texas Rio Grande Valley,University of Texas Rio Grande Valley,hot,,,,
The University of Texas at Austin,University of Texas at Austin,hot,,,,
The University of Texas at Tyler,University of Texas at Tyler,hot,,,,
The University of Toledo,University of Toledo,hot,,,,
The University of Vermont and State Agricultural College,University of Vermont and State Agricultural College,hot,,,,
The University of Virginia,University of Virginia,hot,,,,
The University of the South,University of the South,hot,,,,
The Urban Institute,Urban Institute,hot,,,,
Thomas Jefferson University,Thomas Jefferson University,hot,,,,
Tillges Certified Orthotics Prosthetics INC,Tillges Certified Orthotics Prosthetics,hot,,,,
Tougaloo College,Tougaloo College,hot,,,,
Touro University,Touro University,hot,,,,
Tract Pharmaceuticals INC,Tract Pharmaceuticals,hot,,,,
Triad National Security LLC,Triad National Security,hot,,,,
Trustees of Boston University,Trustees of Boston University,hot,,,,
Trustees of the University of Pennsylvania,Trustees of the University of Pennsylvania,hot,,,,
Tufts University,Tufts University,hot,,,,
Uchicago Argonne LLC,Uchicago Argonne,hot,,,,
Underwriters Laboratories INC,Underwriters Laboratories,hot,,,,
United Health Services Hospitals INC,United Health Services Hospitals,hot,,,,
Univ of Wi Systemla Crosse,Univ of Wi Systemla Crosse,hot,,,,
Univ of Wi Systemriver Falls,Univ of Wi Systemriver Falls,hot,,,,
Univ of Wi Systemstout,Univ of Wi Systemstout,hot,,,,
Univ of Wi Systemsuperior,Univ of Wi Systemsuperior,hot,,,,
University Physicians of Brooklyn INC,University Physicians of Brooklyn,hot,,,,
University at Buffalo Pediatric Associates INC,University at Buffalo Pediatric Associates,hot,,,,
University of Arkansas for Medical Sciences,University of Arkansas for Medical Sciences,hot,,,,
University of California Agriculture and Natural Resources,University of California Agriculture and Natural Resources,hot,,,,
University of California Berkeley,University of California Berkeley,hot,,,,
University of California Davis,University of California Davis,hot,,,,
University of California Irvine,University of California Irvine,hot,,,,
University of California Los Angeles,University of California Los Angeles,hot,,,,
University of California Merced,University of California Merced,hot,,,,
University of California San Diego,University of California San Diego,hot,,,,
University of California San Francisco,University of California San Francisco,hot,,,,
University of California Santa Cruz,University of California Santa Cruz,hot,,,,
University of California at Santa Barbara,University of California at Santa Barbara,hot,,,,
University of Central Arkansas,University of Central Arkansas,hot,,,,
University of Central Florida,University of Central Florida,hot,,,,
University of Cincinnati,University of Cincinnati,hot,,,,
University of Colorado,University of Colorado,hot,,,,
University of Colorado Denver Anschutz,University of Colorado Denver Anschutz,hot,,,,
University of Colorado Health,University of Colorado Health,hot,,,,
University of Connecticut,University of Connecticut,hot,,,,
University of Delaware,University of Delaware,hot,,,,
University of Florida,University of Florida,hot,,,,
University of Georgia,University of Georgia,hot,,,,
University of Georgia Oge,University of Georgia Oge,hot,,,,
University of Hawaii,University of Hawaii,hot,,,,
University of Houston,University of Houston,hot,,,,
University of Illinois,University of Illinois,hot,,,,
University of Kentucky,University of Kentucky,hot,,,,
University of Louisiana at Lafayette,University of Louisiana at Lafayette,hot,,,,
University of Louisville,University of Louisville,hot,,,,
University of Maryland Baltimore,University of Maryland Baltimore,hot,,,,
University of Maryland Baltimore County,University of Maryland Baltimore County,hot,,,,
University of Maryland College Park,University of Maryland College Park,hot,,,,
University of Maryland Eastern Shore,University of Maryland Eastern Shore,hot,,,,
University of Massachusetts Amherst,University of Massachusetts Amherst,hot,,,,
University of Massachusetts Boston,University of Massachusetts Boston,hot,,,,
University of Massachusetts Chan Medical School,University of Massachusetts Chan Medical School,hot,,,,
University of Miami,University of Miami,hot,,,,
University of Michigan,University of Michigan,hot,,,,
University of Minnesota,University of Minnesota,hot,,,,
University of Mississippi,University of Mississippi,hot,,,,
University of Mississippi Medical Center,University of Mississippi Medical Center,hot,,,,
University of Nebraska Medical Center,University of Nebraska Medical Center,hot,,,,
University of Nevada Las Vegas,University of Nevada Las Vegas,hot,,,,
University of New Mexico,University of New Mexico,hot,,,,
University of North Carolina at Chapel Hill,University of North Carolina at Chapel Hill,hot,,,,
University of North Carolina at Charlotte,University of North Carolina at Charlotte,hot,,,,
University of North Carolina at Greensboro,University of North Carolina at Greensboro,hot,,,,
University of North Florida,University of North Florida,hot,,,,
University of North Texas,University of North Texas,hot,,,,
University of North Texas Health Science Center,University of North Texas Health Science Center,hot,,,,
University of Notre Dame Du Lac,University of Notre Dame Du Lac,hot,,,,
University of Oklahoma Health Sciences Center,University of Oklahoma Health Sciences Center,hot,,,,
University of Oregon,University of Oregon,hot,,,,
University of Pittsburgh,University of Pittsburgh,hot,,,,
University of Pittsburgh Physicians,University of Pittsburgh Physicians,hot,,,,
University of Rhode Island,University of Rhode Island,hot,,,,
University of Rochester,University of Rochester,hot,,,,
University of San Francisco,University of San Francisco,hot,,,,
University of South Alabama,University of South Alabama,hot,,,,
University of South Carolina,University of South Carolina,hot,,,,
University of Texas Health Science Center at San Antonio,University of Texas Health Science Center at San Antonio,hot,,,,
University of Utah,University of Utah,hot,,,,
University of Vermont Health Network Medical Group INC,University of Vermont Health Network Medical,hot,,,,
University of Virginia Physicians Group,University of Virginia Physicians,hot,,,,
University of Washington,University of Washington,hot,,,,
University of West Florida,University of West Florida,hot,,,,
University of Wyoming,University of Wyoming,hot,,,,
University of the Pacific,University of the Pacific,hot,,,,
Usacs Medical Group LTD,Usacs Medical,hot,,,,
Ut Battelle LLC Oak Ridge National Laboratory,UT Battelle Oak Ridge National Laboratory,hot,,,,
Ut Le Bonheur Pediatric Specialists INC,UT Le Bonheur Pediatric Specialists,hot,,,,
Ut Medical Group INC,UT Medical,hot,,,,
Ut Methodist Physicians,UT Methodist Physicians,hot,,,,
Ut Regional One Physicians INC,UT Regional One Physicians,hot,,,,
Ut Southwestern Medical Center,UT Southwestern Medical Center,hot,,,,
Vanderbilt University,Vanderbilt University,hot,,,,
Vanderbilt University Medical Center,Vanderbilt University Medical Center,hot,,,,
Vcu Health System Authority,VCU Health System Authority,hot,,,,
Vectoria INC,Vectoria,hot,,,,
Vertex Pharmaceuticals Incorporated,Vertex Pharmaceuticals,hot,,,,
Vidavinci INC,Vidavinci,hot,,,,
Villanova University,Villanova University,hot,,,,
Virginia Commonwealth University,Virginia Commonwealth University,hot,,,,
Virginia Polytechnic Institute & State University,Virginia Polytechnic Institute & State University,hot,,,,
Wael Asi Md PA,Wael Asi Md PA,hot,,,,
Wake Forest University,Wake Forest University,hot,,,,
Wake Forest University Baptist Medical Center,Wake Forest University Baptist Medical Center,hot,,,,
Wake Forest University Health Sciences,Wake Forest University Health Sciences,hot,,,,
Wartburg Theological Seminary,Wartburg Theological Seminary,hot,,,,
Washington Adventist University,Washington Adventist University,hot,,,,
Washington Hospital Center Corporation,Washington Hospital Center,hot,,,,
Washington University,Washington University,hot,,,,
Wayne State University,Wayne State University,hot,,,,
Weill Cornell Medical College,Weill Cornell Medical College,hot,,,,
Wellspan Medical Group,Wellspan Medical,hot,,,,
Wenatchee Valley Medical Group Ps,Wenatchee Valley Medical Ps,hot,,,,
West Texas A&M University,West Texas A&M University,hot,,,,
West Virginia University,West Virginia University,hot,,,,
Western Carolina University,Western Carolina University,hot,,,,
Western Michigan University,Western Michigan University,hot,,,,
Westmont College,Westmont College,hot,,,,
Whitehead Institute for Biomedical Research,Whitehead Institute for Biomedical Research,hot,,,,
Windhorse Integrative Mental Health,Windhorse Integrative Mental Health,hot,,,,
Wm Rice University,Wm Rice University,hot,,,,
Woods Hole Oceanographic Institution,Woods Hole Oceanographic Institution,hot,,,,
Yale New Haven Hospital,Yale New Haven Hospital,hot,,,,
Yale University,Yale University,hot,,,,
"7-Eleven, Inc.",7-Eleven,warm,,,,
"ADP Technology Services, Inc.",ADP Technology Services,warm,,,,
"AECOM Technical Services, Inc.",AECOM Technical Services,warm,,,,
ARUP Laboratories,ARUP Laboratories,warm,,,,
"AT&T Services, INC.",AT&T Services,warm,,,,
Abbott Laboratories,Abbott Laboratories,warm,,,,
Accenture LLP,Accenture,warm,,,,
Adobe Inc.,Adobe,warm,,,,
"Advanced Micro Devices, Inc.",Advanced Micro Devices,warm,,,,
Aetna Resources LLC,Aetna Resources,warm,,,,
Ai Technologies LLC,Ai Technologies,warm,,,,
"Akamai Technologies, Inc.",Akamai Technologies,warm,,,,
"Amazon Data Services, Inc",Amazon Data Services,warm,,,,
"Amazon Development Center U.S., Inc.",Amazon Development Center U S,warm,,,,
"Amazon Web Services, Inc.",Amazon Web Services,warm,,,,
Amazon.com Services LLC,Amazon com Services,warm,,,,
"American Airlines, Inc.",American Airlines,warm,,,,
"American Express Travel Related Services Company, Inc.",American Express Travel Related Services,warm,,,,
"Ameriprise Financial, Inc.",Ameriprise Financial,warm,,,,
Amgen Inc.,Amgen,warm,,,,
"Analog Devices, Inc.",Analog Devices,warm,,,,
Annapurna Labs (U.S.) Inc.,Annapurna Labs (U S ),warm,,,,
Applab Systems INC,Applab Systems,warm,,,,
Apple Inc.,Apple,warm,,,,
"Arm, Inc.",Arm,warm,,,,
Artificial Intelligence LLC,Artificial Intelligence,warm,,,,
"Audible, INC.",Audible,warm,,,,
"Aurora Operations, Inc.",Aurora Operations,warm,,,,
"Autodesk, Inc.",Autodesk,warm,,,,
"Avant Healthcare Professionals, LLC.",Avant Healthcare Professionals,warm,,,,
"Avco Consulting, Inc.",Avco Consulting,warm,,,,
Bank Of America N.A.,Bank Of,warm,,,,
Barclays Services Corp.,Barclays Services,warm,,,,
Battelle Memorial Institute,Battelle Memorial Institute,warm,,,,
"Becton, Dickinson and Company",Becton Dickinson and,warm,,,,
"Best Buy Co., INC.",Best Buy,warm,,,,
Birlasoft Inc,Birlasoft,warm,,,,
"BlackRock Financial Management, Inc.",BlackRock Financial Management,warm,,,,
Bloomberg L.P.,Bloomberg,warm,,,,
BorgWarner PDS (USA) Inc.,BorgWarner PDS (),warm,,,,
"Boston Consulting Group, Inc.",Boston Consulting,warm,,,,
"Brillio, LLC",Brillio,warm,,,,
Bristol-Myers Squibb Company,Bristol-Myers Squibb,warm,,,,
"Burns & McDonnell Engineering Company, Inc.",Burns & McDonnell Engineering,warm,,,,
CVS Pharmacy Inc.,CVS Pharmacy,warm,,,,
CVS Shared Services Resources LLC,CVS Shared Services Resources,warm,,,,
"Cadence Design Systems, Inc.",Cadence Design Systems,warm,,,,
"Cambrex Charles City, Inc.",Cambrex Charles City,warm,,,,
"Cambrex High Point, Inc.",Cambrex High Point,warm,,,,
Capgemini America Inc,Capgemini,warm,,,,
Cardinal Health,Cardinal Health,warm,,,,
Caremark LLC,Caremark,warm,,,,
Caterpillar Inc.,Caterpillar,warm,,,,
"Charter Communications, Inc.",Charter Communications,warm,,,,
"Chewy, Inc.",Chewy,warm,,,,
Children's Hospital Corporation,Children's Hospital,warm,,,,
Cigna-Evernorth Services Inc.,Cigna-Evernorth Services,warm,,,,
Cincinnati Children's Hospital Medical Center,Cincinnati Children's Hospital Medical Center,warm,,,,
"Cisco Systems, Inc.",Cisco Systems,warm,,,,
Citadel Americas Services LLC,Citadel Services,warm,,,,
"Citibank, N.A.",Citibank,warm,,,,
CitiusTech Inc.,CitiusTech,warm,,,,
"Citizens Financial Group, Inc.",Citizens Financial,warm,,,,
City National Bank,City National Bank,warm,,,,
Cloud Analytics Technologies LLC,Cloud Analytics Technologies,warm,,,,
Coforge Limited,Coforge,warm,,,,
Cognier INC,Cognier,warm,,,,
"Coinbase, Inc.",Coinbase,warm,,,,
"Comcast Cable Communications, LLC",Comcast Cable Communications,warm,,,,
"Compunnel Software Group, INC",Compunnel Software,warm,,,,
Concentrix CVG Customer Management Group Inc.,Concentrix CVG Customer Management,warm,,,,
Corewell Health,Corewell Health,warm,,,,
Costco Wholesale Corporation,Costco Wholesale,warm,,,,
"Cotiviti, Inc.",Cotiviti,warm,,,,
Cruise LLC,Cruise,warm,,,,
Cummins Inc.,Cummins,warm,,,,
CyberSource Corporation,CyberSource,warm,,,,
DFS Corporate Services LLC,DFS Corporate Services,warm,,,,
DISH Network LLC,DISH Network,warm,,,,
Dallas Independent School District,Dallas Independent School District,warm,,,,
Deere & Company,Deere &,warm,,,,
Dell Products L.P.,Dell Products,warm,,,,
Dell USA L.P.,Dell,warm,,,,
Deloitte & Touche LLP,Deloitte & Touche,warm,,,,
Deloitte Consulting LLP,Deloitte Consulting,warm,,,,
Deloitte Services LP,Deloitte Services,warm,,,,
Deloitte Tax LLP,Deloitte Tax,warm,,,,
"Delta Air Lines, Inc.",Delta Air Lines,warm,,,,
"Digipulse Technologies, INC.",Digipulse Technologies,warm,,,,
Discover Products Inc.,Discover Products,warm,,,,
Dish Wireless LLC,Dish Wireless,warm,,,,
"DoorDash, Inc.",DoorDash,warm,,,,
EMC Corporation,EMC,warm,,,,
"ERP Analysts, Inc.",ERP Analysts,warm,,,,
Edu Infotech International Resources INC,Edu Infotech International Resources,warm,,,,
"Elevance Health, Inc.",Elevance Health,warm,,,,
"Eliassen Group, LLC",Eliassen,warm,,,,
"Engineering Technology Associates, Inc.",Engineering Technology Associates,warm,,,,
Equifax Inc.,Equifax,warm,,,,
Ernst & Young U.S. LLP,Ernst & Young U S,warm,,,,
"Expedia, Inc.",Expedia,warm,,,,
"F5, Inc.",F5,warm,,,,
"Farmers Group, Inc.",Farmers,warm,,,,
"FedEx Freight, Inc.",FedEx Freight,warm,,,,
Federal Express Corporation,Federal Express,warm,,,,
Federal Soft Systems Inc.,Federal Soft Systems,warm,,,,
"Fidelity Technology Group, LLC d/b/a Fidelity Investments",Fidelity Technology d/b/a Fidelity Investments,warm,,,,
First Citizens Bank and Trust Co.,First Citizens Bank and Trust,warm,,,,
Ford Motor Company,Ford Motor,warm,,,,
"Fortinet, Inc.",Fortinet,warm,,,,
"Genentech, Inc.",Genentech,warm,,,,
Genpact LLC,Genpact,warm,,,,
"Gilead Sciences, Inc.",Gilead Sciences,warm,,,,
Global Payment Holding Company,Global Payment,warm,,,,
GlobalLogic Inc.,GlobalLogic,warm,,,,
Goldman Sachs & CO. LLC,Goldman Sachs &,warm,,,,
Goldman Sachs Services LLC,Goldman Sachs Services,warm,,,,
Google LLC,Google,warm,,,,
Gp Technologies LLC,Gp Technologies,warm,,,,
"Grandison Management, Inc.",Grandison Management,warm,,,,
"Groq, Inc.",Groq,warm,,,,
"Guidewire Software, Inc.",Guidewire Software,warm,,,,
HCL America INC,HCL,warm,,,,
HCL Global Systems INC,HCL Global Systems,warm,,,,
HP Inc.,HP,warm,,,,
Health Care Service Corporation,Health Care Service,warm,,,,
Hewlett Packard Enterprise Company,Hewlett Packard Enterprise,warm,,,,
"Hexaware Technologies, Inc.",Hexaware Technologies,warm,,,,
Home Depot Management Company LLC,Home Depot Management,warm,,,,
Htc Global Services INC.,Htc Global Services,warm,,,,
"HubSpot, Inc.",HubSpot,warm,,,,
Humana Inc.,Humana,warm,,,,
IBM Corporation,IBM,warm,,,,
IQVIA Inc.,IQVIA,warm,,,,
Infogain Corporation,Infogain,warm,,,,
Infosys Limited,Infosys,warm,,,,
"Insight Direct USA, Inc.",Insight Direct,warm,,,,
"Insight Global, LLC",Insight Global,warm,,,,
Intel Corporation,Intel,warm,,,,
"Intellectt, INC.",Intellectt,warm,,,,
"Intraedge, INC.",Intraedge,warm,,,,
Intuit Inc.,Intuit,warm,,,,
"J.B. Hunt Transport, Inc.",J B Hunt Transport,warm,,,,
JPMorgan Chase & Co.,JPMorgan Chase &,warm,,,,
KLA Corporation,KLA,warm,,,,
"KPIT Technologies, Inc.",KPIT Technologies,warm,,,,
KPMG LLP,KPMG,warm,,,,
Kforce INC.,Kforce,warm,,,,
LTIMindtree Limited,LTIMindtree,warm,,,,
Lam Research Corporation,Lam Research,warm,,,,
Lawrence Berkeley National Laboratory,Lawrence Berkeley National Laboratory,warm,,,,
"Lowe's Companies, Inc.",Lowe's Companies,warm,,,,
"Lucid USA, Inc.",Lucid,warm,,,,
"Management Health Systems, LLC",Management Health Systems,warm,,,,
"Marvell Semiconductor, Inc.",Marvell Semiconductor,warm,,,,
"Mastech Digital Technologies, Inc.",Mastech Digital Technologies,warm,,,,
"Mastercard Technologies, LLC",Mastercard Technologies,warm,,,,
McKesson Corporation,McKesson,warm,,,,
"McKinsey & Company, Inc. United States",McKinsey & United States,warm,,,,
"Medline Industries, LP.",Medline Industries,warm,,,,
"Medtronic, Inc.",Medtronic,warm,,,,
Memorial Sloan Kettering Cancer Center,Memorial Sloan Kettering Cancer Center,warm,,,,
"Meta Platforms, Inc",Meta Platforms,warm,,,,
Microsoft Corporation,Microsoft,warm,,,,
Morgan Stanley Services Group Inc.,Morgan Stanley Services,warm,,,,
Mphasis Corporation,Mphasis,warm,,,,
"NIKE, Inc.",NIKE,warm,,,,
"NTT DATA Americas, Inc.",NTT DATA,warm,,,,
NVIDIA Corporation,NVIDIA,warm,,,,
"Nagarro, INC",Nagarro,warm,,,,
Natsoft Corporation,Natsoft,warm,,,,
"Netflix, Inc.",Netflix,warm,,,,
Nokia of America Corporation,Nokia of,warm,,,,
"Nordstrom, Inc.",Nordstrom,warm,,,,
Northwell Health,Northwell Health,warm,,,,
"Nysarc, INC Essex County Chapter",Nysarc Essex County Chapter,warm,,,,
"Optum Services, Inc.",Optum Services,warm,,,,
"Oracle America, Inc.",Oracle,warm,,,,
Orpine Inc,Orpine,warm,,,,
"Palo Alto Networks, Inc.",Palo Alto Networks,warm,,,,
"PayPal, Inc.",PayPal,warm,,,,
"Paycom Payroll, LLC",Paycom Payroll,warm,,,,
"People Center, Inc. d/b/a Rippling",People Center d/b/a Rippling,warm,,,,
"Perficient, Inc.",Perficient,warm,,,,
"Persistent Systems, INC.",Persistent Systems,warm,,,,
"Photon Infotech, INC.",Photon Infotech,warm,,,,
Pioneer Consulting Services LLC,Pioneer Consulting Services,warm,,,,
Populus Group LLC,Populus,warm,,,,
PricewaterhouseCoopers Advisory Services LLC,PricewaterhouseCoopers Advisory Services,warm,,,,
PwC US Consulting LLP,PwC US Consulting,warm,,,,
PwC US Tax LLP,PwC US Tax,warm,,,,
"Pyramid Consulting, Inc.",Pyramid Consulting,warm,,,,
"Qualcomm Atheros, Inc.",Qualcomm Atheros,warm,,,,
"Qualcomm Innovation Center, Inc.",Qualcomm Innovation Center,warm,,,,
"RELX, Inc.",RELX,warm,,,,
"Randstad Digital, LLC",Randstad Digital,warm,,,,
"Raymond James & Associates, Inc.",Raymond James & Associates,warm,,,,
"Resolve AI, Inc.",Resolve AI,warm,,,,
"Rivian Automotive, LLC",Rivian Automotive,warm,,,,
"Rivian and Volkswagen Group Technologies, LLC",Rivian and Volkswagen Technologies,warm,,,,
Robotics Technologies LLC,Robotics Technologies,warm,,,,
"Rocket Mortgage, LLC",Rocket Mortgage,warm,,,,
Rockwell Collins Inc.,Rockwell Collins,warm,,,,
"SAP America, Inc.",SAP,warm,,,,
STV Incorporated,STV,warm,,,,
Safeway Inc.,Safeway,warm,,,,
"Salesforce, Inc.",Salesforce,warm,,,,
"Samsung Electronics America, Inc.",Samsung Electronics,warm,,,,
Siemens Industry Software Inc.,Siemens Industry Software,warm,,,,
Skilltune Technologies INC,Skilltune Technologies,warm,,,,
Slk America INC,Slk,warm,,,,
Snap INC.,Snap,warm,,,,
Sony Interactive Entertainment LLC,Sony Interactive Entertainment,warm,,,,
Specs Inc.,Specs,warm,,,,
"Staples, Inc.",Staples,warm,,,,
State Street Bank and Trust Company,State Street Bank and Trust,warm,,,,
"Synopsys, Inc.",Synopsys,warm,,,,
"T-Mobile USA, Inc.",T-Mobile,warm,,,,
TE Connectivity Corporation,TE Connectivity,warm,,,,
"Target Enterprise, Inc.",Target Enterprise,warm,,,,
"Tech Mahindra (Americas), INC",Tech Mahindra (),warm,,,,
Tek Leaders Inc,Tek Leaders,warm,,,,
"Tesla, Inc.",Tesla,warm,,,,
The Bank of New York Mellon,Bank of New York Mellon,warm,,,,
"The MathWorks, Inc.",MathWorks,warm,,,,
The Northern Trust Company,Northern Trust,warm,,,,
"The PNC Financial Services Group, Inc.",PNC Financial Services,warm,,,,
"The Vanguard Group, Inc.",Vanguard,warm,,,,
"Thermo Fisher Scientific, Inc.",Thermo Fisher Scientific,warm,,,,
TikTok Inc.,TikTok,warm,,,,
TikTok U.S. Data Security Inc.,TikTok U S Data Security,warm,,,,
Toyota Material Handling Inc.,Toyota Material Handling,warm,,,,
Truist Bank,Truist Bank,warm,,,,
U.S. Bank National Association,U S Bank National Association,warm,,,,
UST Global Inc,UST Global,warm,,,,
United Services Automobile Association,United Services Automobile Association,warm,,,,
"V-Soft Consulting Group, INC",V-Soft Consulting,warm,,,,
Vastek Inc,Vastek,warm,,,,
"Ventois, Inc",Ventois,warm,,,,
Verizon Data Services LLC,Verizon Data Services,warm,,,,
Virtual Reality Technologies LLC,Virtual Reality Technologies,warm,,,,
"Virtusa Consulting Services Pvt., LTD",Virtusa Consulting Services Pvt,warm,,,,
Virtusa Corporation,Virtusa,warm,,,,
WSP USA Inc.,WSP,warm,,,,
"Wal-Mart Associates, INC.",Wal-Mart Associates,warm,,,,
"Wells Fargo Bank, N.A.",Wells Fargo Bank,warm,,,,
Wipro Limited,Wipro,warm,,,,
"Workday, Inc.",Workday,warm,,,,
"Xilinx, Inc.",Xilinx,warm,,,,
Yahoo Holdings Inc.,Yahoo,warm,,,,
"ZS Associates, Inc.",ZS Associates,warm,,,,
"Zimmer, Inc.",Zimmer,warm,,,,
eBay Inc.,eBay,warm,,,,
